time,pos_ballX,pos_ballY,pos_robotX,pos_robotY,seen_robotX,seen_robotY,state
256.482626,0.264997,-0.037883,0.001851,0.004226,3.303528,2.241747,-1
259.539747,0.261894,-0.027076,0.035702,-0.047329,3.303528,2.241747,-1
262.177177,0.264460,-0.031975,0.000864,-0.077444,3.303528,2.241747,-1
262.378630,0.298042,-0.066653,0.061844,-0.110595,3.303528,2.241747,-1
262.784264,0.298042,-0.066653,0.162168,-0.100775,3.303528,2.241747,-1
