time,pos_robotX,pos_robotY
262.9665961265564,3.8731546402,-0.7367157340049744
262.9688262939453,2.36198234558,1.597617268562317
262.9706964492798,1.40400314331,1.6882532835006714
