time,pos_robotX,pos_robotY
264.5068097114563,3.69901037216,-0.6848083734512329
264.5071790218353,1.96277022362,1.6529836654663086
264.60741329193115,1.92740786076,1.6248692274093628
264.71185398101807,2.3953535556793213,-2.9318439960479736
264.712171792984,1.40400314331,1.6882532835006714
266.247437953949,1.78091657162,1.988494873046875
266.44851994514465,1.74290859699,2.019240617752075
266.4501612186432,1.77698707581,2.0087435245513916
266.4509344100952,1.40400314331,1.6882532835006714
