time,pos_robotX,pos_robotY
313.04035925865173,3.54043078423,-1.713138222694397
