time,pos_robotX,pos_robotY
83.04560494422913,1.40400314331,1.6882532835006714
