time,pos_robotX,pos_robotY
289.69116735458374,1.40400314331,1.6882532835006714
