time,pos_robotX,pos_robotY
71.06618118286133,4.28784275055,0.852800726890564
71.06669449806213,3.4869492054,-1.8858088254928589
