time,pos_robotX,pos_robotY
354.2074842453003,3.93063545227,-0.2636556029319763
354.20782256126404,2.48264884949,0.6132340431213379
354.4108443260193,2.40764284134,0.6451199054718018
354.4118461608887,1.40400314331,1.6882532835006714
