time,pos_robotX,pos_robotY
313.04227447509766,1.40400314331,1.6882532835006714
314.98581194877625,3.37744617462,-1.7990648746490479
314.98704528808594,3.43097400665,-1.7959516048431396
314.9879791736603,3.46516132355,-1.7884899377822876
314.9883134365082,3.52252316475,-1.7860666513442993
314.9886302947998,2.3850293159484863,-2.9110047817230225
315.0872485637665,1.40400314331,1.6882532835006714
