time,pos_robotX,pos_robotY
76.1860249042511,1.40400314331,1.6882532835006714
