time,pos_robotX,pos_robotY
292.6605598926544,3.67224097252,-0.8872314691543579
