time,pos_robotX,pos_robotY
294.60611176490784,4.45538425446,0.46270865201950073
294.7086374759674,3.6885778904,-0.9461344480514526
294.81096482276917,3.74866318703,-0.9075080752372742
