time,pos_robotX,pos_robotY
82.94281530380249,3.74480891228,-1.9141684770584106
