time,pos_robotX,pos_robotY
80.99740958213806,3.78875637054,-1.884830117225647
