time,pos_robotX,pos_robotY
292.7648844718933,1.40400314331,1.6882532835006714
