time,pos_robotX,pos_robotY
75.97945141792297,3.5593483448,-1.9248265027999878
