time,pos_robotX,pos_robotY
352.05924439430237,3.73677110672,-0.1766260713338852
352.0595736503601,2.11207699776,0.41547733545303345
352.2602438926697,2.3720343112945557,-2.9512126445770264
352.26067566871643,1.40400314331,1.6882532835006714
