time,pos_robotX,pos_robotY
311.4032185077667,1.40400314331,1.6882532835006714
