time,pos_robotX,pos_robotY
73.9313645362854,3.44894123077,-1.8884600400924683
