time,pos_robotX,pos_robotY
77.61788535118103,1.40400314331,1.6882532835006714
