time,pos_robotX,pos_robotY
81.40789866447449,1.40400314331,1.6882532835006714
