time,pos_robotX,pos_robotY
69.73290085792542,1.40400314331,1.6882532835006714
