time,pos_robotX,pos_robotY
79.56356835365295,1.40400314331,1.6882532835006714
