time,pos_robotX,pos_robotY
71.26932001113892,1.40400314331,1.6882532835006714
