time,pos_robotX,pos_robotY
77.41567468643188,3.582665205,-1.9975306987762451
