time,pos_robotX,pos_robotY
74.13820338249207,1.40400314331,1.6882532835006714
