time,pos_robotX,pos_robotY
79.36213421821594,4.40425825119,0.8615525960922241
79.3627917766571,3.67801427841,-1.915015459060669
79.46421813964844,3.64118862152,-1.9251078367233276
