time,pos_robotX,pos_robotY
359.4280195236206,3.89504551888,-0.5513690114021301
359.42844319343567,2.99523448944,0.5051358342170715
359.53101897239685,2.95861196518,0.3721565008163452
359.53257274627686,2.91015911102,0.1448712944984436
359.6332800388336,2.87531542778,-0.05244073644280434
359.7386703491211,2.91526436806,-0.19199052453041077
359.83815908432007,2.9532957077,-0.08358677476644516
359.9410650730133,2.370779514312744,-2.9509642124176025
359.9413695335388,1.40400314331,1.6882532835006714
