time,pos_robotX,pos_robotY
178.18072485923767,2.353616237640381,-2.9939258098602295
