time,pos_robotX,pos_robotY
107.42216515541077,4.03954935074,-0.4252728223800659
107.4225435256958,2.70102548599,0.9865204095840454
107.52663397789001,2.66711902618,0.9738063812255859
107.83100581169128,2.87368893623,1.1483012437820435
107.83262372016907,2.3777220249176025,-2.8815627098083496
107.83284401893616,1.40400314331,1.6882532835006714
