time,pos_robotX,pos_robotY
102.09886908531189,4.08152198792,-0.3622216284275055
102.1959617137909,2.80347561836,0.8471852540969849
102.20050978660583,1.40400314331,1.6882532835006714
104.45009303092957,2.70517992973,0.940056562423706
104.45394253730774,2.73551392555,0.9668181538581848
104.55100893974304,2.77611494064,0.9955036044120789
104.55497026443481,2.80751943588,1.0233664512634277
104.65753245353699,2.3774874210357666,-2.8815574645996094
104.65791153907776,1.40400314331,1.6882532835006714
