time,pos_robotX,pos_robotY
55.811710596084595,3.48456025124,-0.4456375539302826
55.8119592666626,1.61236739159,1.000169038772583
55.81242537498474,1.67365777493,0.9794086217880249
55.91271734237671,1.40400314331,1.6882532835006714
57.348615646362305,1.94815325737,1.0260190963745117
57.45075345039368,1.40400314331,1.6882532835006714
59.49717378616333,1.32324707508,1.4855177402496338
59.499205589294434,1.25961053371,1.5161458253860474
59.49939751625061,1.40400314331,1.6882532835006714
