time,pos_robotX,pos_robotY
112.95155358314514,4.08462142944,-0.45432019233703613
112.95184898376465,2.80008292198,1.062822937965393
113.0536527633667,2.83599829674,1.0839277505874634
113.15595650672913,1.40400314331,1.6882532835006714
